{"cameraMode":{"drawMode":0,"name":"Shaded","section":"Shading Mode"},"sceneLighting":true,"audioPlay":false,"sceneViewState":{"m_AlwaysRefresh":false,"showFog":false,"showSkybox":true,"showFlares":true,"showImageEffects":true,"showParticleSystems":true,"showVisualEffectGraphs":true,"m_FxEnabled":true},"in2DMode":false,"pivot":{"x":1.6053085327148438,"y":0.33852535486221316,"z":-0.9056369066238403},"rotation":{"x":-0.06580204516649246,"y":-0.5395000576972961,"z":0.042316682636737826,"w":-0.8384096026420593},"size":4.237502098083496,"orthographic":false}