{"cameraMode":{"drawMode":0,"name":"Shaded","section":"Shading Mode"},"sceneLighting":true,"audioPlay":false,"sceneViewState":{"m_AlwaysRefresh":false,"showFog":false,"showSkybox":true,"showFlares":true,"showImageEffects":true,"showParticleSystems":true,"showVisualEffectGraphs":true,"m_FxEnabled":true},"in2DMode":false,"pivot":{"x":-0.531279444694519,"y":-3.1465675830841066,"z":-13.781242370605469},"rotation":{"x":0.003875499591231346,"y":-0.9887213110923767,"z":0.14852367341518403,"w":0.023658012971282007},"size":7.771005630493164,"orthographic":false}