{"cameraMode":{"drawMode":0,"name":"Shaded","section":"Shading Mode"},"sceneLighting":true,"audioPlay":false,"sceneViewState":{"m_AlwaysRefresh":false,"showFog":false,"showSkybox":true,"showFlares":true,"showImageEffects":true,"showParticleSystems":true,"showVisualEffectGraphs":true,"m_FxEnabled":true},"in2DMode":false,"pivot":{"x":-10.489185333251954,"y":-11.563995361328125,"z":-24.711759567260743},"rotation":{"x":-0.04398278519511223,"y":0.9560559988021851,"z":-0.21489541232585908,"w":-0.19534482061862946},"size":15.541683197021485,"orthographic":false}