{"cameraMode":{"drawMode":0,"name":"Shaded","section":"Shading Mode"},"sceneLighting":true,"audioPlay":false,"sceneViewState":{"m_AlwaysRefresh":false,"showFog":false,"showSkybox":true,"showFlares":true,"showImageEffects":true,"showParticleSystems":true,"showVisualEffectGraphs":true,"m_FxEnabled":true},"in2DMode":false,"pivot":{"x":-1.8030290603637696,"y":-0.7847869992256165,"z":-2.3946785926818849},"rotation":{"x":-0.03980882093310356,"y":0.8953213691711426,"z":-0.08127275854349137,"w":-0.43641674518585207},"size":2.550664186477661,"orthographic":false}