{"cameraMode":{"drawMode":0,"name":"Shaded","section":"Shading Mode"},"sceneLighting":false,"audioPlay":false,"sceneViewState":{"m_AlwaysRefresh":false,"showFog":false,"showSkybox":false,"showFlares":false,"showImageEffects":false,"showParticleSystems":false,"showVisualEffectGraphs":true,"m_FxEnabled":true},"in2DMode":false,"pivot":{"x":-0.23691332340240479,"y":1.2802338600158692,"z":0.42850375175476076},"rotation":{"x":0.053458843380212787,"y":0.8939214944839478,"z":-0.11112063378095627,"w":0.43120479583740237},"size":1.2847667932510377,"orthographic":false}