{"cameraMode":{"drawMode":0,"name":"Shaded","section":"Shading Mode"},"sceneLighting":false,"audioPlay":false,"sceneViewState":{"m_AlwaysRefresh":false,"showFog":false,"showSkybox":false,"showFlares":false,"showImageEffects":false,"showParticleSystems":false,"showVisualEffectGraphs":true,"m_FxEnabled":true},"in2DMode":false,"pivot":{"x":-0.011546611785888672,"y":0.06732182204723358,"z":0.2020249366760254},"rotation":{"x":-0.015209721401333809,"y":0.9808657765388489,"z":-0.08313902467489243,"w":-0.17599418759346009},"size":0.4506641626358032,"orthographic":false}