{"cameraMode":{"drawMode":0,"name":"Shaded","section":"Shading Mode"},"sceneLighting":false,"audioPlay":false,"sceneViewState":{"m_AlwaysRefresh":false,"showFog":false,"showSkybox":false,"showFlares":false,"showImageEffects":false,"showParticleSystems":false,"showVisualEffectGraphs":true,"m_FxEnabled":true},"in2DMode":false,"pivot":{"x":-0.17422306537628175,"y":0.7221479415893555,"z":-3.520784378051758},"rotation":{"x":-0.004299151245504618,"y":0.9954811334609985,"z":-0.08291250467300415,"w":-0.04835895821452141},"size":3.3073947429656984,"orthographic":false}